time,data
1.7624507312789466e+18,zero
1.7624507382836106e+18,start
1.762450746851392e+18,exit
