time,data
1.7624507312771172e+18,zero
1.7624507382835323e+18,start
1.7624507468513334e+18,exit
