time,data
1.7624507382836406e+18,start
1.7624507468514145e+18,exit
