time,data
1.7624507382840394e+18,start
1.762450746851491e+18,exit
